time,ctx,cfg,en,layer_done,j,k,y,n,pad_read39,pad_state39,overarray,mp_pad,mp_pad2,mp_pad3,store0,waddr0,baddr0,wvalid0,bvalid0,weight0,bias0,spix0,v0,spix1,v1,spix2,v2,s0,s0v,s1,s1v,s2,s2v,d0,d0v,ldm_en,ldm_addr,ldm_data,pixel0_out,pixel0_out_valid,pixel1_out,pixel1_out_valid
69885000,c0c3a858,5,1,0,0,0,0,0,1,1,0,1,0,0,58,120,16,1,0,ffe1,0000,0000,0,0000,0,0000,0,ffe1,1,0000,0,0000,0,0057,0,0,3f,0057,0000,0,0000,0
69895000,c0c3a858,5,1,0,1,0,0,0,1,1,0,1,0,0,58,122,16,0,0,0000,0000,0000,0,0000,0,0000,0,0000,0,0000,0,0000,0,0000,0,0,3f,0000,0000,1,007c,1
69905000,c0c3a858,5,1,0,2,0,0,0,1,1,0,1,0,0,58,124,16,1,0,0013,0000,0073,1,007c,1,007d,1,0013,1,0073,1,0000,0,0147,0,0,57,0147,0000,1,007c,1
69915000,c0c3a858,5,1,0,3,0,0,0,0,1,0,1,0,0,58,126,16,1,0,001a,0000,0079,1,007c,1,007d,1,001a,1,0079,1,0000,0,0147,0,0,57,0147,0000,1,007c,1
69925000,c0c3a858,5,1,0,4,0,0,0,0,1,0,1,0,0,58,128,16,1,0,fffc,0000,007d,1,007c,1,007d,1,fffc,1,007d,1,0000,0,0022,0,0,57,0022,007c,1,0001,1
69935000,c0c3a858,5,1,0,5,0,0,0,0,1,0,1,0,0,58,130,16,1,0,ffe1,0000,007c,1,0001,1,007d,1,ffe1,1,007c,1,0000,0,0053,0,0,57,0053,007c,1,0001,1
69945000,c0c3a858,5,1,0,6,0,0,0,0,1,0,1,0,0,58,132,16,1,0,0019,0000,007d,1,0001,1,000f,1,0019,1,007d,1,0000,0,004b,0,0,57,004b,007c,1,0001,1
69955000,c0c3a858,5,1,0,0,1,0,0,1,1,0,1,0,0,58,134,16,1,0,ffff,0000,007d,1,0001,1,000f,1,ffff,1,007d,1,0000,0,000f,0,0,57,000f,007c,1,0001,1
69965000,c0c3a858,5,1,0,1,1,0,0,1,1,0,1,0,0,58,136,16,1,0,ffff,0000,007d,1,0001,1,000f,1,ffff,1,007d,1,0000,0,0040,0,0,57,0040,0000,1,ffce,1
69975000,c0c3a858,5,1,0,2,1,0,0,1,1,0,1,0,0,58,138,16,1,0,fff9,0000,ffd0,1,ffce,1,ffcd,1,fff9,1,ffd0,1,0000,0,003e,0,0,57,003e,0000,1,ffce,1
69985000,c0c3a858,5,1,0,3,1,0,0,0,1,0,1,0,0,58,140,16,1,0,001d,0000,ffd0,1,ffce,1,ffcd,1,001d,1,ffd0,1,0000,0,003c,0,0,57,003c,0000,1,ffce,1
69995000,c0c3a858,5,1,0,4,1,0,0,0,1,0,1,0,0,58,142,16,1,0,fffe,0000,ffcf,1,ffce,1,ffcd,1,fffe,1,ffcf,1,0000,0,0041,0,0,57,0041,ffce,1,fff3,1
70005000,c0c3a858,5,1,0,5,1,0,0,0,1,0,1,0,0,58,144,16,1,0,0007,0000,ffce,1,fff3,1,ffcd,1,0007,1,ffce,1,0000,0,002b,0,0,57,002b,ffce,1,fff3,1
70015000,c0c3a858,5,1,0,6,1,0,0,0,1,0,1,0,0,58,146,16,1,0,001d,0000,ffcd,1,fff3,1,0018,1,001d,1,ffcd,1,0000,0,002d,0,0,57,002d,ffce,1,fff3,1
70025000,c0c3a858,5,1,0,0,0,1,0,0,1,0,1,0,0,58,120,16,1,0,ffe7,0000,ffcd,1,fff3,1,0018,1,ffe7,1,ffcd,1,0000,0,0028,0,0,57,0028,ffce,1,fff3,1
70035000,c0c3a858,5,1,0,1,0,1,0,0,1,0,1,0,0,58,122,16,1,1,0003,fff5,ffcd,1,fff3,1,0018,1,0003,1,ffcd,1,fff5,1,0011,0,0,57,0011,007c,1,0001,1
70045000,c0c3a858,5,1,0,2,0,1,0,0,1,0,1,0,0,58,124,16,1,0,0013,0000,ffe8,1,0001,1,000f,1,0013,1,ffe8,1,0000,0,0025,0,0,58,0025,007c,1,0001,1
70055000,c0c3a858,5,1,0,3,0,1,0,0,1,0,1,0,0,58,126,16,1,0,001a,0000,ffde,1,0001,1,000f,1,001a,1,ffde,1,0000,0,0018,1,1,58,0018,007c,1,0001,1
70065000,c0c3a858,5,1,0,4,0,1,0,0,1,0,1,0,0,58,128,16,1,0,fffc,0000,ffef,1,0001,1,000f,1,fffc,1,ffef,1,0000,0,0000,0,0,58,0000,0001,1,0117,1
70075000,c0c3a858,5,1,0,5,0,1,0,0,1,0,1,0,0,58,130,16,1,0,ffe1,0000,0001,1,0117,1,000f,1,ffe1,1,0001,1,0000,0,0000,0,0,58,0000,0001,1,0117,1
70085000,c0c3a858,5,1,0,6,0,1,0,0,1,0,1,0,0,58,132,16,1,0,0019,0000,000f,1,0117,1,011c,1,0019,1,000f,1,0000,0,0000,0,0,58,0000,0001,1,0117,1
70095000,c0c3a858,5,1,0,0,1,1,0,0,1,0,1,0,0,58,134,16,1,0,ffff,0000,0047,1,0117,1,011c,1,ffff,1,0047,1,0000,0,0000,0,0,58,0000,0001,1,0117,1
70105000,c0c3a858,5,1,0,1,1,1,0,0,1,0,1,0,0,58,136,16,1,0,ffff,0000,0099,1,0117,1,011c,1,ffff,1,0099,1,0000,0,0000,0,0,58,0000,ffce,1,fff3,1
70115000,c0c3a858,5,1,0,2,1,1,0,0,1,0,1,0,0,58,138,16,1,0,fff9,0000,ffc6,1,fff3,1,0018,1,fff9,1,ffc6,1,0000,0,0000,0,0,58,0000,ffce,1,fff3,1
70125000,c0c3a858,5,1,0,3,1,1,0,0,1,0,1,0,0,58,140,16,1,0,001d,0000,ffbd,1,fff3,1,0018,1,001d,1,ffbd,1,0000,0,0000,0,0,58,0000,ffce,1,fff3,1
70135000,c0c3a858,5,1,0,4,1,1,0,0,1,0,1,0,0,58,142,16,1,0,fffe,0000,ffd1,1,fff3,1,0018,1,fffe,1,ffd1,1,0000,0,0000,0,0,58,0000,fff3,1,ff87,1
70145000,c0c3a858,5,1,0,5,1,1,0,0,1,0,1,0,0,58,144,16,1,0,0007,0000,fff3,1,ff87,1,0018,1,0007,1,fff3,1,0000,0,0000,0,0,58,0000,fff3,1,ff87,1
70155000,c0c3a858,5,1,0,6,1,1,0,0,1,0,1,0,0,58,146,16,1,0,001d,0000,0018,1,ff87,1,ff89,1,001d,1,0018,1,0000,0,0000,0,0,58,0000,fff3,1,ff87,1
70165000,c0c3a858,5,1,0,0,0,2,0,0,1,0,1,0,0,58,120,16,1,0,ffe7,0000,0028,1,ff87,1,ff89,1,ffe7,1,0028,1,0000,0,0000,0,0,58,0000,fff3,1,ff87,1
70175000,c0c3a858,5,1,0,1,0,2,0,0,1,0,1,0,0,58,122,16,1,1,0003,fff5,002a,1,ff87,1,ff89,1,0003,1,002a,1,fff5,1,0000,0,0,58,0000,0001,1,0117,1
70185000,c0c3a858,5,1,0,2,0,2,0,0,1,0,1,0,0,58,124,16,1,0,0013,0000,0116,1,0117,1,011c,1,0013,1,0116,1,0000,0,0000,0,0,59,0000,0001,1,0117,1
70195000,c0c3a858,5,1,0,3,0,2,0,0,1,0,1,0,0,58,126,16,1,0,001a,0000,0119,1,0117,1,011c,1,001a,1,0119,1,0000,0,0000,1,1,59,0000,0001,1,0117,1
70205000,c0c3a858,5,1,0,4,0,2,0,0,1,0,1,0,0,58,128,16,1,0,fffc,0000,0117,1,0117,1,011c,1,fffc,1,0117,1,0000,0,0053,0,0,59,0053,0117,1,0001,1
70215000,c0c3a858,5,1,0,5,0,2,0,0,1,0,1,0,0,58,130,16,1,0,ffe1,0000,0117,1,0001,1,011c,1,ffe1,1,0117,1,0000,0,00c5,0,0,59,00c5,0117,1,0001,1
70225000,c0c3a858,5,1,0,6,0,2,0,0,1,0,1,0,0,58,132,16,1,0,0019,0000,011c,1,0001,1,fffa,1,0019,1,011c,1,0000,0,00b4,0,0,59,00b4,0117,1,0001,1
70235000,c0c3a858,5,1,0,0,1,2,0,0,1,0,1,0,0,58,134,16,1,0,ffff,0000,0124,1,0001,1,fffa,1,ffff,1,0124,1,0000,0,002d,0,0,59,002d,0117,1,0001,1
70245000,c0c3a858,5,1,0,1,1,2,0,0,1,0,1,0,0,58,136,16,1,0,ffff,0000,0129,1,0001,1,fffa,1,ffff,1,0129,1,0000,0,009c,0,0,59,009c,fff3,1,ff87,1
70255000,c0c3a858,5,1,0,2,1,2,0,0,1,0,1,0,0,58,138,16,1,0,fff9,0000,ff8f,1,ff87,1,ff89,1,fff9,1,ff8f,1,0000,0,0097,0,0,59,0097,fff3,1,ff87,1
70265000,c0c3a858,5,1,0,3,1,2,0,0,1,0,1,0,0,58,140,16,1,0,001d,0000,ff8e,1,ff87,1,ff89,1,001d,1,ff8e,1,0000,0,0092,0,0,59,0092,fff3,1,ff87,1
70275000,c0c3a858,5,1,0,4,1,2,0,0,1,0,1,0,0,58,142,16,1,0,fffe,0000,ff88,1,ff87,1,ff89,1,fffe,1,ff88,1,0000,0,009e,0,0,59,009e,ff87,1,ff90,1
70285000,c0c3a858,5,1,0,5,1,2,0,0,1,0,1,0,0,58,144,16,1,0,0007,0000,ff87,1,ff90,1,ff89,1,0007,1,ff87,1,0000,0,006a,0,0,59,006a,ff87,1,ff90,1
70295000,c0c3a858,5,1,0,6,1,2,0,0,1,0,1,0,0,58,146,16,1,0,001d,0000,ff89,1,ff90,1,0038,1,001d,1,ff89,1,0000,0,006e,0,0,59,006e,ff87,1,ff90,1
70305000,c0c3a858,5,1,0,0,0,3,0,0,1,0,1,0,0,58,120,16,1,0,ffe7,0000,ff89,1,ff90,1,0038,1,ffe7,1,ff89,1,0000,0,0061,0,0,59,0061,ff87,1,ff90,1
70315000,c0c3a858,5,1,0,1,0,3,0,0,1,0,1,0,0,58,122,16,1,1,0003,fff5,ff89,1,ff90,1,0038,1,0003,1,ff89,1,fff5,1,002b,0,0,59,002b,0117,1,0001,1
70325000,c0c3a858,5,1,0,2,0,3,0,0,1,0,1,0,0,58,124,16,1,0,0013,0000,00d7,1,0001,1,fffa,1,0013,1,00d7,1,0000,0,0059,0,0,5a,0059,0117,1,0001,1
70335000,c0c3a858,5,1,0,3,0,3,0,0,1,0,1,0,0,58,126,16,1,0,001a,0000,00da,1,0001,1,fffa,1,001a,1,00da,1,0000,0,0048,1,1,5a,0048,0117,1,0001,1
70345000,c0c3a858,5,1,0,4,0,3,0,0,1,0,1,0,0,58,128,16,1,0,fffc,0000,0066,1,0001,1,fffa,1,fffc,1,0066,1,0000,0,0040,0,0,5a,0040,0001,1,ffce,1
70355000,c0c3a858,5,1,0,5,0,3,0,0,1,0,1,0,0,58,130,16,1,0,ffe1,0000,0001,1,ffce,1,fffa,1,ffe1,1,0001,1,0000,0,0099,0,0,5a,0099,0001,1,ffce,1
70365000,c0c3a858,5,1,0,6,0,3,0,0,1,0,1,0,0,58,132,16,1,0,0019,0000,fffa,1,ffce,1,ffcd,1,0019,1,fffa,1,0000,0,0093,0,0,5a,0093,0001,1,ffce,1
70375000,c0c3a858,5,1,0,0,1,3,0,0,1,0,1,0,0,58,134,16,1,0,ffff,0000,ffdd,1,ffce,1,ffcd,1,ffff,1,ffdd,1,0000,0,0093,0,0,5a,0093,0001,1,ffce,1
70385000,c0c3a858,5,1,0,1,1,3,0,0,1,0,1,0,0,58,136,16,1,0,ffff,0000,ffdd,1,ffce,1,ffcd,1,ffff,1,ffdd,1,0000,0,0091,0,0,5a,0091,ff87,1,ff90,1
70395000,c0c3a858,5,1,0,2,1,3,0,0,1,0,1,0,0,58,138,16,1,0,fff9,0000,ffa5,1,ff90,1,0038,1,fff9,1,ffa5,1,0000,0,0092,0,0,5a,0092,ff87,1,ff90,1
70405000,c0c3a858,5,1,0,3,1,3,0,0,1,0,1,0,0,58,140,16,1,0,001d,0000,ffa4,1,ff90,1,0038,1,001d,1,ffa4,1,0000,0,0093,0,0,5a,0093,ff87,1,ff90,1
70415000,c0c3a858,5,1,0,4,1,3,0,0,1,0,1,0,0,58,142,16,1,0,fffe,0000,ffaa,1,ff90,1,0038,1,fffe,1,ffaa,1,0000,0,009d,0,0,5a,009d,ff90,1,0051,1
70425000,c0c3a858,5,1,0,5,1,3,0,0,1,0,1,0,0,58,144,16,1,0,0007,0000,ff90,1,0051,1,0038,1,0007,1,ff90,1,0000,0,0073,0,0,5a,0073,ff90,1,0051,1
70435000,c0c3a858,5,1,0,6,1,3,0,0,1,0,1,0,0,58,146,16,1,0,001d,0000,0038,1,0051,1,0051,1,001d,1,0038,1,0000,0,0076,0,0,5a,0076,ff90,1,0051,1
70445000,c0c3a858,5,1,0,0,0,0,0,1,1,0,1,1,0,58,148,18,1,0,ffe7,0000,0038,1,0051,1,0051,1,ffe7,1,0038,1,0000,0,006a,0,0,5a,006a,ff90,1,0051,1
70455000,c0c3a858,5,1,0,1,0,0,0,1,1,1,1,1,0,58,150,18,1,1,0003,fff5,0039,1,0051,1,0000,1,0003,1,0039,1,fff5,1,0083,0,0,5a,0083,0000,1,007c,1
70465000,c0c3a858,5,1,0,2,0,0,0,1,1,0,1,1,0,58,152,18,1,0,0014,0000,0073,1,007c,1,0000,1,0014,1,0073,1,0000,0,006d,0,0,5b,006d,0000,1,007c,1
70475000,c0c3a858,5,1,1,3,0,0,0,0,1,0,1,1,0,58,154,18,1,0,002d,0000,0079,1,007c,1,0000,1,002d,1,0079,1,0000,0,0065,1,1,5b,0065,0000,1,007c,1
